NAME,School Type,Starting Median Salary,Mid-Career Median Salary,Mid-Career 10th Percentile Salary,Mid-Career 25th Percentile Salary,Mid-Career 75th Percentile Salary,Mid-Career 90th Percentile Salary,ADDRESS,STATE,ZIP,TYPE,COUNTY,LATITUDE,LONGITUDE,PT_ENROLL,FT_ENROLL,TOT_ENROLL,TOT_EMPLOY,NAICS_DESC,EMPLOYEE/STUDENT RATIO,INCOME
Massachusetts Institute of Technology,Engineering,"$72,200.00","$126,000.00","$76,800.00","$99,200.00","$168,000.00","$220,000.00",77 Massachusetts Avenue,MA,2139,private non-profit,Middlesex,42.360095,-71.092115,172,11017,11189,12070,"Colleges, Universities, and Professional Schools",0.9270091135045568,"65,542"
California Institute of Technology,Engineering,"$75,500.00","$123,000.00",,"$104,000.00","$161,000.00",,1200 E California Blvd,CA,91125,private non-profit,Los Angeles,34.139181,-118.125567,0,2273,2273,3222,"Colleges, Universities, and Professional Schools",0.7054624456859093,"62,096"
Harvey Mudd College,Engineering,"$71,800.00","$122,000.00",,"$96,000.00","$180,000.00",,301 Platt Blvd.,CA,91711,private non-profit,Los Angeles,34.105717,-117.709758,3,779,782,322,"Colleges, Universities, and Professional Schools",2.4285714285714284,"62,096"
Polytechnic University of New York,Engineering,"$62,400.00","$114,000.00","$66,800.00","$94,300.00","$143,000.00","$190,000.00",Six Metrotech Ctr,NY,11201,private non-profit,Kings,40.694371,-73.986774,1116,3536,4652,719,"Colleges, Universities, and Professional Schools",6.47009735744089,"56,189"
Cooper Union,Engineering,"$62,200.00","$114,000.00",,"$80,200.00","$142,000.00",,7 East 7th Street,NY,10003,private non-profit,New York,40.72938,-73.990516,36,903,939,415,"Colleges, Universities, and Professional Schools",2.2626506024096384,"56,189"
Worcester Polytechnic Institute,Engineering,"$61,000.00","$114,000.00","$80,000.00","$91,200.00","$137,000.00","$180,000.00",100 Institute Road,MA,1609,private non-profit,Worcester,42.274953,-71.807916,1515,4442,5957,1066,"Colleges, Universities, and Professional Schools",5.588180112570356,"65,542"
Carnegie Mellon University,Engineering,"$61,800.00","$111,000.00","$63,300.00","$80,100.00","$150,000.00","$209,000.00",5000 Forbes Avenue,PA,15213,private non-profit,Allegheny,40.443598,-79.943485,1082,10896,11978,5178,"Colleges, Universities, and Professional Schools",2.313248358439552,"57,812"
Rensselaer Polytechnic Institute,Engineering,"$61,100.00","$110,000.00","$71,600.00","$85,500.00","$140,000.00","$182,000.00",110 8th St,NY,12180,private non-profit,Rensselaer,42.728983,-73.678768,90,6459,6549,1842,"Colleges, Universities, and Professional Schools",3.555374592833876,"56,189"
Georgia Institute of Technology,Engineering,"$58,300.00","$106,000.00","$67,200.00","$85,200.00","$137,000.00","$183,000.00",225 North Ave,GA,30332,public,Fulton,33.773732,-84.396019,2709,18848,21557,7179,"Colleges, Universities, and Professional Schools",3.0027859033291544,"50,190"
Colorado School of Mines,Engineering,"$58,100.00","$106,000.00","$62,200.00","$87,900.00","$142,000.00","$201,000.00",1500 Illinois St,CO,80401,public,Jefferson,39.749092,-105.222907,554,5113,5667,1068,"Colleges, Universities, and Professional Schools",5.306179775280899,"63,803"
Stevens Institute of Technology,Engineering,"$60,600.00","$105,000.00","$68,700.00","$81,900.00","$138,000.00","$185,000.00",Castle Point On Hudson,NJ,7030,private non-profit,Hudson,40.744776,-74.025334,1717,3933,5650,855,"Colleges, Universities, and Professional Schools",6.608187134502924,"66,838"
Illinois Institute of Technology,Engineering,"$56,000.00","$97,800.00","$56,100.00","$77,400.00","$121,000.00","$165,000.00",3300 S Federal St,IL,60616,private non-profit,Cook,41.833801,-87.628346,1392,6292,7684,1566,"Colleges, Universities, and Professional Schools",4.9067688378033205,"57,696"
Wentworth Institute of Technology,Engineering,"$53,000.00","$96,700.00","$55,200.00","$74,000.00","$117,000.00","$153,000.00",550 Huntington Ave,MA,2115,private non-profit,Suffolk,42.336632,-71.094983,462,3681,4143,715,"Colleges, Universities, and Professional Schools",5.794405594405594,"65,542"
Virginia Polytechnic Institute and State University,Engineering,"$53,500.00","$95,400.00","$50,600.00","$71,400.00","$124,000.00","$163,000.00",222 Burruss Hall,VA,24061,public,Montgomery,37.229906,-80.419988,2824,28263,31087,7595,"Colleges, Universities, and Professional Schools",4.093087557603687,"63,858"
South Dakota School of Mines and Technology,Engineering,"$55,800.00","$93,400.00","$71,500.00","$81,900.00","$122,000.00","$147,000.00",501 E Saint Joseph St,SD,57701,public,Pennington,44.075439,-103.205753,490,1934,2424,379,"Colleges, Universities, and Professional Schools",6.395778364116095,"54,090"
New Mexico Institute of Mining and Technology,Engineering,"$51,000.00","$93,400.00",,"$67,400.00","$123,000.00",,801 Leroy Place,NM,87801,public,Socorro,34.06619,-106.907701,366,1607,1973,813,"Colleges, Universities, and Professional Schools",2.4268142681426816,"45,929"
Rochester Institute of Technology,Engineering,"$48,900.00","$84,600.00","$45,000.00","$62,100.00","$112,000.00","$159,000.00",1 Lomb Memorial Dr,NY,14623,private non-profit,Monroe,43.084436,-77.673854,2057,14041,16098,3745,"Colleges, Universities, and Professional Schools",4.298531375166889,"56,189"
Embry-Riddle Aeronautical University,Engineering,"$52,700.00","$80,700.00","$49,800.00","$64,000.00","$106,000.00","$142,000.00",600 S Clyde Morris Blvd,FL,32114,private non-profit,Volusia,29.189244,-81.0495,425,4695,5120,1266,"Colleges, Universities, and Professional Schools",4.044233807266982,"47,509"
Tennessee Technological University,Engineering,"$46,200.00","$80,000.00","$42,100.00","$62,600.00","$99,500.00","$121,000.00",1 William L. Jones Drive,TN,38505,public,Putnam,36.174659,-85.503957,2214,9273,11487,1297,"Colleges, Universities, and Professional Schools",8.856592135697763,"45,548"
University of Illinois at Urbana-Champaign,Party,"$52,900.00","$96,100.00","$48,200.00","$68,900.00","$132,000.00","$177,000.00",601 E John Street,IL,61820,public,Champaign,40.108312,-88.228482,3745,40714,44459,11176,"Colleges, Universities, and Professional Schools",3.978078024337867,"57,696"
University of Illinois at Urbana-Champaign,State,"$52,900.00","$96,100.00","$48,200.00","$68,900.00","$132,000.00","$177,000.00",601 E John Street,IL,61820,public,Champaign,40.108312,-88.228482,3745,40714,44459,11176,"Colleges, Universities, and Professional Schools",3.978078024337867,"57,696"
State University of New York (SUNY) at Albany,Party,"$44,500.00","$92,200.00","$47,000.00","$63,100.00","$135,000.00","$209,000.00",1400 Washington Avenue,NY,12222,public,Albany,42.686917,-73.825014,3067,14211,17278,2919,"Colleges, Universities, and Professional Schools",5.919150393970538,"56,189"
State University of New York (SUNY) at Albany,State,"$44,500.00","$92,200.00","$47,000.00","$63,100.00","$135,000.00","$209,000.00",1400 Washington Avenue,NY,12222,public,Albany,42.686917,-73.825014,3067,14211,17278,2919,"Colleges, Universities, and Professional Schools",5.919150393970538,"56,189"
University of Florida,Party,"$47,100.00","$87,900.00","$45,400.00","$62,900.00","$120,000.00","$172,000.00",355 Tigert Hall,FL,32611,public,Alachua,29.638248,-82.361195,7048,42865,49913,13745,"Colleges, Universities, and Professional Schools",3.631356857038923,"47,509"
University of Florida,State,"$47,100.00","$87,900.00","$45,400.00","$62,900.00","$120,000.00","$172,000.00",355 Tigert Hall,FL,32611,public,Alachua,29.638248,-82.361195,7048,42865,49913,13745,"Colleges, Universities, and Professional Schools",3.631356857038923,"47,509"
University of Georgia,Party,"$44,100.00","$86,000.00","$43,100.00","$57,800.00","$118,000.00","$164,000.00",Administration Building,GA,30602,public,Clarke,33.937727,-83.37143,3402,31117,34519,9968,"Colleges, Universities, and Professional Schools",3.462981540930979,"50,190"
University of Georgia,State,"$44,100.00","$86,000.00","$43,100.00","$57,800.00","$118,000.00","$164,000.00",Administration Building,GA,30602,public,Clarke,33.937727,-83.37143,3402,31117,34519,9968,"Colleges, Universities, and Professional Schools",3.462981540930979,"50,190"
Pennsylvania State University,Party,"$49,900.00","$85,700.00","$46,300.00","$62,000.00","$117,000.00","$160,000.00",201 Old Main,PA,16802,public,Centre,40.800732,-77.861644,2113,43515,45628,14117,"Colleges, Universities, and Professional Schools",3.2321314726924983,"57,812"
Pennsylvania State University,State,"$49,900.00","$85,700.00","$46,300.00","$62,000.00","$117,000.00","$160,000.00",201 Old Main,PA,16802,public,Centre,40.800732,-77.861644,2113,43515,45628,14117,"Colleges, Universities, and Professional Schools",3.2321314726924983,"57,812"
Arizona State University,Party,"$47,400.00","$84,100.00","$44,600.00","$60,700.00","$114,000.00","$163,000.00",University Drive and Mill Avenue,AZ,85287,public,Maricopa,33.41728,-111.935499,14316,59062,73378,8907,"Colleges, Universities, and Professional Schools",8.238239586841809,"50,779"
Arizona State University,State,"$47,400.00","$84,100.00","$44,600.00","$60,700.00","$114,000.00","$163,000.00",University Drive and Mill Avenue,AZ,85287,public,Maricopa,33.41728,-111.935499,14316,59062,73378,8907,"Colleges, Universities, and Professional Schools",8.238239586841809,"50,779"
Indiana University-Bloomington,Party,"$46,300.00","$84,000.00","$43,600.00","$60,400.00","$119,000.00","$178,000.00",107 South Indiana Ave.,IN,47405,public,Monroe,39.167739,-86.523585,4870,37263,42133,8329,"Colleges, Universities, and Professional Schools",5.058590467042862,"50,049"
Indiana University-Bloomington,State,"$46,300.00","$84,000.00","$43,600.00","$60,400.00","$119,000.00","$178,000.00",107 South Indiana Ave.,IN,47405,public,Monroe,39.167739,-86.523585,4870,37263,42133,8329,"Colleges, Universities, and Professional Schools",5.058590467042862,"50,049"
University of Iowa,Party,"$44,700.00","$83,900.00","$43,300.00","$61,100.00","$116,000.00","$163,000.00",101 Jessup Hall,IA,52242,public,Johnson,41.660695,-91.535698,5557,24572,30129,10171,"Colleges, Universities, and Professional Schools",2.962245600235965,"59,366"
University of Iowa,State,"$44,700.00","$83,900.00","$43,300.00","$61,100.00","$116,000.00","$163,000.00",101 Jessup Hall,IA,52242,public,Johnson,41.660695,-91.535698,5557,24572,30129,10171,"Colleges, Universities, and Professional Schools",2.962245600235965,"59,366"
Randolph-Macon College,Party,"$42,600.00","$83,600.00",,"$54,100.00","$123,000.00",,204 Henry St,VA,23005,private non-profit,Hanover,37.760785,-77.4781,26,1286,1312,432,"Colleges, Universities, and Professional Schools",3.037037037037037,"63,858"
Randolph-Macon College,Liberal Arts,"$42,600.00","$83,600.00",,"$54,100.00","$123,000.00",,204 Henry St,VA,23005,private non-profit,Hanover,37.760785,-77.4781,26,1286,1312,432,"Colleges, Universities, and Professional Schools",3.037037037037037,"63,858"
University of Alabama,Party,"$41,300.00","$81,400.00","$40,100.00","$56,500.00","$117,000.00","$161,000.00",739 University Blvd,AL,35487,public,Tuscaloosa,33.2144,-87.545766,4745,28758,33503,6034,"Colleges, Universities, and Professional Schools",5.5523699038780245,"43,418"
University of Alabama,State,"$41,300.00","$81,400.00","$40,100.00","$56,500.00","$117,000.00","$161,000.00",739 University Blvd,AL,35487,public,Tuscaloosa,33.2144,-87.545766,4745,28758,33503,6034,"Colleges, Universities, and Professional Schools",5.5523699038780245,"43,418"
University of Mississippi,Party,"$41,400.00","$79,700.00","$40,400.00","$53,500.00","$108,000.00","$186,000.00","Oxford, Mississippi",MS,38677,public,Lafayette,34.363438,-89.537169,1845,16949,18794,2783,"Colleges, Universities, and Professional Schools",6.753144089112468,"37,800"
University of Mississippi,State,"$41,400.00","$79,700.00","$40,400.00","$53,500.00","$108,000.00","$186,000.00","Oxford, Mississippi",MS,38677,public,Lafayette,34.363438,-89.537169,1845,16949,18794,2783,"Colleges, Universities, and Professional Schools",6.753144089112468,"37,800"
University of New Hampshire,Party,"$41,800.00","$78,300.00","$41,700.00","$56,400.00","$114,000.00","$147,000.00","105 Main St., Thompson Hall",NH,3824,public,Strafford,43.134235,-70.934512,1702,13603,15305,3574,"Colleges, Universities, and Professional Schools",4.282316731952994,"74,579"
University of New Hampshire,State,"$41,800.00","$78,300.00","$41,700.00","$56,400.00","$114,000.00","$147,000.00","105 Main St., Thompson Hall",NH,3824,public,Strafford,43.134235,-70.934512,1702,13603,15305,3574,"Colleges, Universities, and Professional Schools",4.282316731952994,"74,579"
West Virginia University,Party,"$43,100.00","$78,100.00","$39,700.00","$55,700.00","$106,000.00","$141,000.00","Stewart Hall, 1500 University Avenue",WV,26506,public,Monongalia,39.63468,-79.953926,3770,25930,29700,6622,"Colleges, Universities, and Professional Schools",4.485049833887043,"41,210"
West Virginia University,State,"$43,100.00","$78,100.00","$39,700.00","$55,700.00","$106,000.00","$141,000.00","Stewart Hall, 1500 University Avenue",WV,26506,public,Monongalia,39.63468,-79.953926,3770,25930,29700,6622,"Colleges, Universities, and Professional Schools",4.485049833887043,"41,210"
University of Tennessee,Party,"$43,800.00","$74,600.00","$41,900.00","$53,200.00","$106,000.00","$153,000.00",527 Andy Holt Tower,TN,37996,public,Knox,35.955093,-83.929696,3755,26078,29833,13646,"Colleges, Universities, and Professional Schools",2.1862084127216765,"45,548"
University of Tennessee,State,"$43,800.00","$74,600.00","$41,900.00","$53,200.00","$106,000.00","$153,000.00",527 Andy Holt Tower,TN,37996,public,Knox,35.955093,-83.929696,3755,26078,29833,13646,"Colleges, Universities, and Professional Schools",2.1862084127216765,"45,548"
Ohio University,Party,"$42,200.00","$73,400.00","$36,600.00","$52,800.00","$106,000.00","$150,000.00",020 Chubb Hall,OH,45701,public,Athens,39.323839,-82.103503,7505,19558,27063,3875,"Colleges, Universities, and Professional Schools",6.984,"51,501"
Ohio University,State,"$42,200.00","$73,400.00","$36,600.00","$52,800.00","$106,000.00","$150,000.00",020 Chubb Hall,OH,45701,public,Athens,39.323839,-82.103503,7505,19558,27063,3875,"Colleges, Universities, and Professional Schools",6.984,"51,501"
Florida State University,Party,"$42,100.00","$73,000.00","$39,600.00","$52,800.00","$107,000.00","$156,000.00",222 S. Copeland Street,FL,32306,public,Leon,30.443222,-84.301554,6023,34672,40695,6725,"Colleges, Universities, and Professional Schools",6.051301115241635,"47,509"
Florida State University,State,"$42,100.00","$73,000.00","$39,600.00","$52,800.00","$107,000.00","$156,000.00",222 S. Copeland Street,FL,32306,public,Leon,30.443222,-84.301554,6023,34672,40695,6725,"Colleges, Universities, and Professional Schools",6.051301115241635,"47,509"
Bucknell University,Liberal Arts,"$54,100.00","$110,000.00","$62,800.00","$80,600.00","$156,000.00","$251,000.00",One Dent Drive,PA,17837,private non-profit,Union,40.953704,-76.885192,46,3572,3618,1241,"Colleges, Universities, and Professional Schools",2.9153908138597906,"57,812"
Colgate University,Liberal Arts,"$52,800.00","$108,000.00","$60,000.00","$76,700.00","$167,000.00","$265,000.00",13 Oak Dr,NY,13346,private non-profit,Madison,42.818175,-75.535218,26,2860,2886,969,"Colleges, Universities, and Professional Schools",2.978328173374613,"56,189"
Amherst College,Liberal Arts,"$54,500.00","$107,000.00",,"$84,900.00","$162,000.00",,Boltwood Avenue,MA,1002,private non-profit,Hampshire,42.372459,-72.518493,0,1822,1822,860,"Colleges, Universities, and Professional Schools",2.1186046511627907,"65,542"
Lafayette College,Liberal Arts,"$53,900.00","$107,000.00","$70,600.00","$79,300.00","$144,000.00","$204,000.00",High St,PA,18042,private non-profit,Northampton,40.699513,-75.211342,50,2438,2488,852,"Colleges, Universities, and Professional Schools",2.92018779342723,"57,812"
Bowdoin College,Liberal Arts,"$48,100.00","$107,000.00",,"$74,600.00","$146,000.00",,5700 College Station - President's Office,ME,4011,private non-profit,Cumberland,43.907134,-69.963942,8,1831,1839,981,"Colleges, Universities, and Professional Schools",1.874617737003058,"51,263"
College of the Holy Cross,Liberal Arts,"$50,200.00","$106,000.00",,"$65,600.00","$143,000.00",,One College Street,MA,1610,private non-profit,Worcester,42.238942,-71.808627,35,2891,2926,1170,"Colleges, Universities, and Professional Schools",2.500854700854701,"65,542"
Occidental College,Liberal Arts,"$51,900.00","$105,000.00",,"$54,800.00","$157,000.00",,1600 Campus Rd,CA,90041,private non-profit,Los Angeles,34.126224,-118.210783,23,2179,2202,701,"Colleges, Universities, and Professional Schools",3.1412268188302424,"62,096"
Washington and Lee University,Liberal Arts,"$53,600.00","$104,000.00",,"$82,800.00","$146,000.00",,204 West Washington Street,VA,24450,private non-profit,Lexington,37.788974,-79.442869,3,2293,2296,883,"Colleges, Universities, and Professional Schools",2.6002265005662517,"63,858"
Swarthmore College,Liberal Arts,"$49,700.00","$104,000.00",,"$67,200.00","$167,000.00",,500 College Ave,PA,19081,private non-profit,Delaware,39.905986,-75.351639,15,1537,1552,964,"Colleges, Universities, and Professional Schools",1.6099585062240664,"57,812"
Davidson College,Liberal Arts,"$46,100.00","$104,000.00",,"$70,500.00","$146,000.00",,102 N. Main Street,NC,28035,private non-profit,Mecklenburg,35.500006,-80.845236,0,1791,1791,840,"Colleges, Universities, and Professional Schools",2.132142857142857,"48,818"
Carleton College,Liberal Arts,"$47,500.00","$103,000.00",,"$69,400.00","$141,000.00",,One North College Street,MN,55057,private non-profit,Rice,44.462304,-93.154662,18,2037,2055,771,"Colleges, Universities, and Professional Schools",2.6653696498054478,"68,026"
Williams College,Liberal Arts,"$51,700.00","$102,000.00",,"$76,400.00","$143,000.00",,880 Main St,MA,1267,private non-profit,Berkshire,42.711355,-73.205745,38,2087,2125,1151,"Colleges, Universities, and Professional Schools",1.84622067767159,"65,542"
Pomona College,Liberal Arts,"$48,600.00","$101,000.00",,"$63,300.00","$161,000.00",,550 N College Ave,CA,91711,private non-profit,Los Angeles,34.098298,-117.711944,18,1588,1606,776,"Colleges, Universities, and Professional Schools",2.06958762886598,"62,096"
Wesleyan University,Liberal Arts,"$46,500.00","$97,900.00","$42,000.00","$62,500.00","$126,000.00","$215,000.00",237 High St,CT,6459,private non-profit,Middlesex,41.55678,-72.656755,120,3111,3231,968,"Colleges, Universities, and Professional Schools",3.337809917355372,"71,566"
Bates College,Liberal Arts,"$47,300.00","$96,500.00",,"$60,700.00","$162,000.00",,2 Andrews Road,ME,4240,private non-profit,Androscoggin,44.105299,-70.203333,0,1753,1753,760,"Colleges, Universities, and Professional Schools",2.306578947368421,"51,263"
Union College,Liberal Arts,"$47,200.00","$95,800.00","$48,700.00","$75,200.00","$135,000.00","$230,000.00",807 Union St,NY,12308,private non-profit,Schenectady,42.817578,-73.928498,32,2209,2241,859,"Colleges, Universities, and Professional Schools",2.608847497089639,"56,189"
Union College,Liberal Arts,"$47,200.00","$95,800.00","$48,700.00","$75,200.00","$135,000.00","$230,000.00",310 College St,KY,40906,private non-profit,Knox,36.86913,-83.887768,359,835,1194,212,"Colleges, Universities, and Professional Schools",5.632075471698113,"42,611"
Union College,Liberal Arts,"$47,200.00","$95,800.00","$48,700.00","$75,200.00","$135,000.00","$230,000.00",3800 S 48th Street,NE,68506,private non-profit,Lancaster,40.774778,-96.651095,122,759,881,244,"Colleges, Universities, and Professional Schools",3.610655737704918,"58,705"
University of Richmond,Liberal Arts,"$48,600.00","$94,600.00","$44,500.00","$59,400.00","$151,000.00","$211,000.00",28 Westhampton Way,VA,23173,private non-profit,Richmond,37.577399,-77.538797,700,3661,4361,1838,"Colleges, Universities, and Professional Schools",2.372687704026115,"63,858"
Vassar College,Liberal Arts,"$46,000.00","$94,600.00",,"$60,600.00","$123,000.00",,124 Raymond Ave,NY,12604,private non-profit,Dutchess,41.685105,-73.894345,36,2370,2406,1099,"Colleges, Universities, and Professional Schools",2.18926296633303,"56,189"
Middlebury College,Liberal Arts,"$47,700.00","$94,200.00",,"$69,100.00","$129,000.00",,Old Chapel,VT,5753,private non-profit,Addison,44.009117,-73.176068,23,2453,2476,1119,"Colleges, Universities, and Professional Schools",2.2126899016979444,"60,136"
Mount Holyoke College,Liberal Arts,"$42,400.00","$94,100.00",,"$57,100.00","$131,000.00",,50 College Street,MA,1075,private non-profit,Hampshire,42.257588,-72.573625,37,2307,2344,965,"Colleges, Universities, and Professional Schools",2.4290155440414507,"65,542"
Franklin and Marshall College,Liberal Arts,"$49,100.00","$92,800.00",,"$55,800.00","$185,000.00",,College Ave,PA,17604,private non-profit,Lancaster,40.048045,-76.319037,49,2329,2378,835,"Colleges, Universities, and Professional Schools",2.8479041916167667,"57,812"
DePauw University,Liberal Arts,"$41,400.00","$88,300.00","$49,500.00","$57,400.00","$133,000.00","$185,000.00",313 S Locust St,IN,46135,private non-profit,Putnam,39.63953,-86.863556,29,2307,2336,782,"Colleges, Universities, and Professional Schools",2.9872122762148337,"50,049"
St Olaf College,Liberal Arts,"$45,300.00","$86,200.00","$41,300.00","$61,000.00","$120,000.00","$185,000.00",1520 St Olaf Ave,MN,55057,private non-profit,Rice,44.461956,-93.183318,48,3128,3176,836,"Colleges, Universities, and Professional Schools",3.799043062200957,"68,026"
Colby College,Liberal Arts,"$46,400.00","$85,800.00",,"$63,500.00","$129,000.00",,4000 Mayflower Hill Drive,ME,4901,private non-profit,Kennebec,44.564211,-69.66337,0,1863,1863,694,"Colleges, Universities, and Professional Schools",2.684438040345821,"51,263"
Gettysburg College,Liberal Arts,"$44,700.00","$85,800.00",,"$66,300.00","$132,000.00",,300 N Washington St,PA,17325,private non-profit,Adams,39.835841,-77.234533,16,2569,2585,892,"Colleges, Universities, and Professional Schools",2.8979820627802693,"57,812"
Siena College,Liberal Arts,"$45,500.00","$85,200.00","$38,700.00","$58,400.00","$129,000.00","$189,000.00",515 Loudon Rd,NY,12211,private non-profit,Albany,42.718622,-73.751027,171,3096,3267,911,"Colleges, Universities, and Professional Schools",3.5861690450054886,"56,189"
Smith College,Liberal Arts,"$44,000.00","$83,900.00","$45,100.00","$59,800.00","$129,000.00","$184,000.00",Elm St,MA,1063,private non-profit,Hampshire,42.317933,-72.638094,84,3125,3209,1350,"Colleges, Universities, and Professional Schools",2.377037037037037,"65,542"
Hamilton College,Liberal Arts,"$49,200.00","$83,700.00",,"$51,900.00","$123,000.00",,198 College Hill Rd,NY,13323,private non-profit,Oneida,43.054248,-75.407996,16,1868,1884,774,"Colleges, Universities, and Professional Schools",2.434108527131783,"56,189"
Wellesley College,Liberal Arts,"$42,800.00","$83,500.00",,"$58,600.00","$125,000.00",,106 Central St,MA,2481,private non-profit,Norfolk,42.293741,-71.306657,141,2330,2471,1384,"Colleges, Universities, and Professional Schools",1.7854046242774566,"65,542"
Denison University,Liberal Arts,"$42,000.00","$83,500.00",,"$62,100.00","$122,000.00",,100 West College Rd,OH,43023,private non-profit,Licking,40.072582,-82.520625,31,2305,2336,748,"Colleges, Universities, and Professional Schools",3.122994652406417,"51,501"
Oberlin College,Liberal Arts,"$43,400.00","$81,600.00",,"$46,400.00","$128,000.00",,70 N Professor St,OH,44074,private non-profit,Lorain,41.29474,-82.221786,41,2903,2944,1179,"Colleges, Universities, and Professional Schools",2.497031382527566,"51,501"
University of Puget Sound,Liberal Arts,"$46,600.00","$81,500.00","$48,900.00","$60,100.00","$104,000.00","$137,000.00",1500 N. Warner Street,WA,98416,private non-profit,Pierce,47.263594,-122.481199,91,2761,2852,820,"Colleges, Universities, and Professional Schools",3.478048780487805,"63,190"
Colorado College,Liberal Arts,"$38,500.00","$81,400.00",,"$43,000.00","$148,000.00",,14. E Cache La Poudre St.,CO,80903,private non-profit,El Paso,38.848854,-104.822678,21,2001,2022,696,"Colleges, Universities, and Professional Schools",2.905172413793104,"63,803"
Reed College,Liberal Arts,"$40,500.00","$81,100.00",,"$67,400.00","$101,000.00",,3203 SE Woodstock Blvd,OR,97202,private non-profit,Multnomah,45.480959,-122.630348,61,1394,1455,506,"Colleges, Universities, and Professional Schools",2.875494071146245,"59,888"
Gustavus Adolphus College,Liberal Arts,"$44,500.00","$80,600.00",,"$49,300.00","$101,000.00",,800 West College Avenue,MN,56082,private non-profit,Nicollet,44.324968,-93.971928,42,2482,2524,699,"Colleges, Universities, and Professional Schools",3.6108726752503575,"68,026"
Whitman College,Liberal Arts,"$43,500.00","$80,100.00",,"$64,800.00","$111,000.00",,345 Boyer Ave,WA,99362,private non-profit,Walla Walla,46.071488,-118.329714,31,1508,1539,575,"Colleges, Universities, and Professional Schools",2.676521739130435,"63,190"
Ursinus College,Liberal Arts,"$42,100.00","$80,000.00","$35,600.00","$54,300.00","$100,000.00","$160,000.00",601 E. Main St,PA,19426,private non-profit,Montgomery,40.194236,-75.458029,29,1651,1680,433,"Colleges, Universities, and Professional Schools",3.879907621247113,"57,812"
Juniata College,Liberal Arts,"$41,800.00","$78,900.00",,"$67,200.00","$110,000.00",,1700 Moore St,PA,16652,private non-profit,Huntingdon,40.499493,-78.015158,58,1507,1565,462,"Colleges, Universities, and Professional Schools",3.3874458874458875,"57,812"
Wittenberg University,Liberal Arts,"$39,200.00","$78,200.00",,"$54,100.00","$131,000.00",,Ward St at N Wittenberg Ave,OH,45504,private non-profit,Clark,39.934794,-83.813911,110,1784,1894,469,"Colleges, Universities, and Professional Schools",4.038379530916845,"51,501"
Grinnell College,Liberal Arts,"$42,600.00","$76,600.00",,"$65,100.00","$116,000.00",,1121 Park Street,IA,50112,private non-profit,Poweshiek,41.746363,-92.721432,59,1615,1674,709,"Colleges, Universities, and Professional Schools",2.361071932299013,"59,366"
Skidmore College,Liberal Arts,"$41,600.00","$74,600.00",,"$42,800.00","$147,000.00",,815 N Broadway,NY,12866,private non-profit,Saratoga,43.097027,-73.785322,68,2621,2689,993,"Colleges, Universities, and Professional Schools",2.7079556898288017,"56,189"
Moravian College,Liberal Arts,"$42,500.00","$74,400.00",,"$56,700.00","$94,900.00",,1200 Main St,PA,18018,private non-profit,Northampton,40.630888,-75.380979,359,1516,1875,524,"Colleges, Universities, and Professional Schools",3.5782442748091605,"57,812"
Lewis & Clark College,Liberal Arts,"$38,900.00","$72,600.00","$38,200.00","$53,400.00","$104,000.00","$140,000.00",0615 S W Palatine Hill Rd,OR,97219,private non-profit,Multnomah,45.451539,-122.670336,430,3274,3704,896,"Colleges, Universities, and Professional Schools",4.133928571428571,"59,888"
Fort Lewis College,Liberal Arts,"$42,000.00","$69,800.00",,"$55,000.00","$94,000.00",,1000 Rim Drive,CO,81301,public,La Plata,37.275428,-107.867003,326,3565,3891,604,"Colleges, Universities, and Professional Schools",6.44205298013245,"63,803"
Thomas Aquinas College,Liberal Arts,"$41,500.00","$67,500.00",,"$44,600.00","$93,100.00",,10000 Ojai Rd,CA,93060,private non-profit,Ventura,34.429009,-119.087141,0,370,370,81,"Colleges, Universities, and Professional Schools",4.567901234567901,"62,096"
Evergreen State College,Liberal Arts,"$39,500.00","$63,900.00","$38,800.00","$47,200.00","$91,600.00","$120,000.00",2700 Evergreen Pkwy NW,WA,98505,public,Thurston,47.07382,-122.977492,438,4071,4509,768,"Colleges, Universities, and Professional Schools",5.87109375,"63,190"
Dartmouth College,Ivy League,"$58,000.00","$134,000.00","$63,100.00","$90,200.00","$234,000.00","$321,000.00",207 Parkhurst Hall,NH,3755,private non-profit,Grafton,43.705524,-72.288842,134,6059,6193,4373,"Colleges, Universities, and Professional Schools",1.4161902584038415,"74,579"
Princeton University,Ivy League,"$66,500.00","$131,000.00","$68,900.00","$100,000.00","$190,000.00","$261,000.00",1 Nassau Hall,NJ,8544,private non-profit,Mercer,40.347141,-74.657698,0,7972,7972,5939,"Colleges, Universities, and Professional Schools",1.3423135207947463,"66,838"
Yale University,Ivy League,"$59,100.00","$126,000.00","$58,000.00","$80,600.00","$198,000.00","$326,000.00",Woodbridge Hall,CT,6520,private non-profit,New Haven,41.312308,-72.922511,166,11740,11906,14435,"Colleges, Universities, and Professional Schools",0.8248008313127815,"71,566"
Harvard University,Ivy League,"$63,400.00","$124,000.00","$54,800.00","$86,200.00","$179,000.00","$288,000.00",Massachusetts Hall,MA,2138,private non-profit,Middlesex,42.374172,-71.118234,4556,19273,23829,17141,"Colleges, Universities, and Professional Schools",1.390175602356922,"65,542"
University of Pennsylvania,Ivy League,"$60,900.00","$120,000.00","$55,900.00","$79,200.00","$192,000.00","$282,000.00",34th and Spruce Streets,PA,19104,private non-profit,Philadelphia,39.951002,-75.193618,3282,21441,24723,17030,"Colleges, Universities, and Professional Schools",1.4517322372284205,"57,812"
Cornell University,Ivy League,"$60,300.00","$110,000.00","$56,800.00","$79,800.00","$160,000.00","$210,000.00",300 Day Hall,NY,14853,private non-profit,Tompkins,42.448713,-76.476535,78,21346,21424,10417,"Colleges, Universities, and Professional Schools",2.056638187577997,"56,189"
Brown University,Ivy League,"$56,200.00","$109,000.00","$55,400.00","$74,400.00","$159,000.00","$228,000.00",One Prospect Street,RI,2912,private non-profit,Providence,41.826853,-71.402925,452,8446,8898,4568,"Colleges, Universities, and Professional Schools",1.9478984238178636,"57,201"
Columbia University,Ivy League,"$59,400.00","$107,000.00","$50,300.00","$71,900.00","$161,000.00","$241,000.00",West 116 St and Broadway,NY,10027,private non-profit,New York,40.808286,-73.961885,4323,22162,26485,17328,"Colleges, Universities, and Professional Schools",1.5284510618651892,"56,189"
University of California-Berkeley,State,"$59,900.00","$112,000.00","$59,500.00","$81,000.00","$149,000.00","$201,000.00",200 California Hall,CA,94720,public,Alameda,37.875759,-122.24851,1679,34220,35899,12075,"Colleges, Universities, and Professional Schools",2.973002070393375,"62,096"
University of Virginia,State,"$52,700.00","$103,000.00","$52,200.00","$71,800.00","$146,000.00","$215,000.00",1827 University Avenue,VA,22903,public,Albemarle,38.033977,-78.511845,3196,20915,24111,8515,"Colleges, Universities, and Professional Schools",2.8315913094539047,"63,858"
California Polytechnic State University-San Luis Obispo,State,"$57,200.00","$101,000.00","$55,000.00","$74,700.00","$133,000.00","$178,000.00",One Grand Ave,CA,93407,public,San Luis Obispo,35.302376,-120.661597,905,17783,18688,2284,"Colleges, Universities, and Professional Schools",8.18213660245184,"62,096"
University of California-Los Angeles,State,"$52,600.00","$101,000.00","$51,300.00","$72,500.00","$139,000.00","$193,000.00",405 Hilgard Ave,CA,90095,public,Los Angeles,34.068892,-118.443901,1050,38800,39850,19512,"Colleges, Universities, and Professional Schools",2.042332923329233,"62,096"
University of California-San Diego,State,"$51,100.00","$101,000.00","$51,700.00","$75,400.00","$131,000.00","$177,000.00",9500 Gilman Dr,CA,92093,public,San Diego,32.876598,-117.237793,805,28760,29565,13332,"Colleges, Universities, and Professional Schools",2.217596759675968,"62,096"
University of California-Davis,State,"$52,300.00","$99,600.00","$52,000.00","$71,600.00","$135,000.00","$202,000.00",One Shields Avenue,CA,95616,public,Yolo,38.538206,-121.75103,1295,30870,32165,13051,"Colleges, Universities, and Professional Schools",2.46456210252088,"62,096"
University of Colorado-Boulder,State,"$47,100.00","$97,600.00","$51,600.00","$69,000.00","$128,000.00","$187,000.00",Regent Drive at Broadway,CO,80309,public,Boulder,40.004415,-105.267061,5722,26003,31725,7476,"Colleges, Universities, and Professional Schools",4.243579454253611,"63,803"
University of California-Irvine,State,"$48,300.00","$96,700.00","$47,800.00","$66,000.00","$123,000.00","$172,000.00",501 Aldrich Hall,CA,92697,public,Orange,33.643163,-117.837785,857,26880,27737,7926,"Colleges, Universities, and Professional Schools",3.499495331819329,"62,096"
San Jose State University,State,"$53,500.00","$95,600.00","$50,700.00","$70,500.00","$122,000.00","$156,000.00",1 Washington Sq,CA,95192,public,Santa Clara,37.337509,-121.880458,7029,23421,30450,3080,"Colleges, Universities, and Professional Schools",9.886363636363637,"62,096"
University of Maryland-College Park,State,"$52,000.00","$95,000.00","$50,400.00","$68,300.00","$126,000.00","$166,000.00",NOT AVAILABLE,MD,20742,public,Prince George's,38.988607,-76.939704,4974,32274,37248,9638,"Colleges, Universities, and Professional Schools",3.864702220377672,"74,923"
University of California-Santa Barbara,State,"$50,500.00","$95,000.00","$51,300.00","$71,200.00","$129,000.00","$173,000.00",5221 Cheadle Hall,CA,93106,public,Santa Barbara,34.412344,-119.851493,493,21602,22095,4715,"Colleges, Universities, and Professional Schools",4.686108165429481,"62,096"
University of Texas-Austin,State,"$49,700.00","$93,900.00","$50,100.00","$67,400.00","$129,000.00","$188,000.00",2400 Inner Campus Drive,TX,78712,public,Travis,30.283809,-97.736463,4196,47990,52186,20924,"Colleges, Universities, and Professional Schools",2.494073790862168,"55,205"
University of Michigan,State,"$52,700.00","$93,000.00","$50,900.00","$69,400.00","$128,000.00","$182,000.00",503 Thompson Street,MI,48109,public,Washtenaw,42.27803,-83.736564,2464,40962,43426,21160,"Colleges, Universities, and Professional Schools",2.0522684310018904,"53,134"
Stony Brook University,State,"$49,500.00","$93,000.00","$47,200.00","$67,100.00","$129,000.00","$181,000.00",310 Administration Building,NY,11794,public,Suffolk,40.91554,-73.12112,4187,19926,24113,4727,"Colleges, Universities, and Professional Schools",5.101121218531838,"56,189"
Rutgers University,State,"$50,300.00","$91,800.00","$48,100.00","$65,100.00","$128,000.00","$176,000.00","249 University Avenue, Blumenthal Hall",NJ,7102,public,Essex,40.741902,-74.174922,3891,8120,12011,1770,"Colleges, Universities, and Professional Schools",6.785875706214689,"66,838"
Purdue University,State,"$51,400.00","$90,500.00","$49,900.00","$67,400.00","$121,000.00","$168,000.00",Hovde Hall of Administration,IN,47907,public,Tippecanoe,40.428206,-86.914435,4853,35548,40401,10687,"Colleges, Universities, and Professional Schools",3.7803873865444,"50,049"
University of Connecticut,State,"$48,000.00","$88,800.00","$46,100.00","$66,400.00","$120,000.00","$162,000.00",352 Mansfield Road,CT,6269,public,Tolland,41.807658,-72.256961,3551,21932,25483,9615,"Colleges, Universities, and Professional Schools",2.6503380135205408,"71,566"
University of Massachusetts Amherst,State,"$46,600.00","$88,200.00","$43,100.00","$61,300.00","$122,000.00","$168,000.00",374 Whitmore Building 181 Presidents Drive,MA,1003,public,Hampshire,42.388647,-72.529312,5602,22634,28236,5458,"Colleges, Universities, and Professional Schools",5.173323561744229,"65,542"
California State University-Chico,State,"$47,400.00","$88,100.00","$46,800.00","$62,800.00","$122,000.00","$154,000.00",First and Normal Sts,CA,95929,public,Butte,39.728003,-121.846333,1635,14835,16470,1777,"Colleges, Universities, and Professional Schools",9.26842993809792,"62,096"
University of Wisconsin-Madison,State,"$48,900.00","$87,800.00","$47,400.00","$62,400.00","$118,000.00","$170,000.00",500 Lincoln Dr,WI,53706,public,Dane,43.073858,-89.405356,4802,37633,42435,16039,"Colleges, Universities, and Professional Schools",2.6457385123760835,"56,786"
California State University-Fullerton,State,"$45,700.00","$87,000.00","$45,400.00","$62,500.00","$119,000.00","$158,000.00",800 N State College Blvd,CA,92831,public,Orange,33.883261,-117.885659,9232,28445,37677,3294,"Colleges, Universities, and Professional Schools",11.43806921675774,"62,096"
George Mason University,State,"$47,800.00","$86,900.00","$51,300.00","$67,200.00","$114,000.00","$150,000.00",4400 University Dr,VA,22030,public,Fairfax,38.83088,-77.30794,12805,20295,33100,4908,"Colleges, Universities, and Professional Schools",6.7440912795436025,"63,858"
University of Massachusetts-Lowell,State,"$45,400.00","$86,600.00","$50,900.00","$65,000.00","$113,000.00","$158,000.00",1 University Ave,MA,1854,public,Middlesex,42.65372,-71.325081,6396,9935,16331,1859,"Colleges, Universities, and Professional Schools",8.784830554061323,"65,542"
San Francisco State University,State,"$47,300.00","$86,400.00","$45,100.00","$62,700.00","$114,000.00","$150,000.00",1600 Holloway Ave,CA,94132,public,San Francisco,37.721345,-122.477905,5531,24969,30500,3229,"Colleges, Universities, and Professional Schools",9.445648807680396,"62,096"
University of Arizona,State,"$47,500.00","$86,100.00","$44,800.00","$61,700.00","$117,000.00","$160,000.00",1401 E University,AZ,85721,public,Pima,32.232866,-110.950086,5508,34715,40223,12314,"Colleges, Universities, and Professional Schools",3.26644469709274,"50,779"
Clemson University,State,"$48,400.00","$86,000.00","$50,500.00","$61,800.00","$111,000.00","$150,000.00",201 Sikes Hall,SC,29634,public,Pickens,34.677329,-82.834463,1423,19222,20645,4565,"Colleges, Universities, and Professional Schools",4.522453450164294,"45,670"
University of Washington,State,"$48,800.00","$85,300.00","$47,000.00","$59,800.00","$115,000.00","$149,000.00",1400 NE Campus Parkway,WA,98195,public,King,47.655775,-122.310802,4856,37142,41998,18070,"Colleges, Universities, and Professional Schools",2.3241837299391257,"63,190"
Michigan State University,State,"$46,300.00","$85,300.00","$44,200.00","$61,500.00","$119,000.00","$170,000.00",NOT AVAILABLE,MI,48824,public,Ingham,42.72476,-84.473639,6230,42676,48906,11477,"Colleges, Universities, and Professional Schools",4.261218088350614,"53,134"
University of Rhode Island,State,"$43,900.00","$85,300.00","$45,400.00","$60,100.00","$112,000.00","$157,000.00","Green Hall, 35 Campus Avenue",RI,2881,public,Washington,41.489334,-71.528708,2506,13696,16202,3063,"Colleges, Universities, and Professional Schools",5.28958537381652,"57,201"
San Diego State University,State,"$46,200.00","$85,200.00","$45,500.00","$61,800.00","$116,000.00","$158,000.00",5500 Campanile Dr,CA,92182,public,San Diego,32.77525,-117.071228,5108,25735,30843,2967,"Colleges, Universities, and Professional Schools",10.395348837209305,"62,096"
Auburn University,State,"$45,400.00","$84,700.00","$45,400.00","$62,700.00","$109,000.00","$145,000.00","Auburn, Alabama",AL,36849,public,Lee,32.600201,-85.492409,4040,21094,25134,6038,"Colleges, Universities, and Professional Schools",4.162636634647234,"43,418"
Washington State University,State,"$45,300.00","$84,700.00","$43,600.00","$59,000.00","$113,000.00","$162,000.00",French Administration Building,WA,99164,public,Whitman,46.730448,-117.158168,4369,23375,27744,5957,"Colleges, Universities, and Professional Schools",4.657377874769179,"63,190"
California State University-Long Beach,State,"$45,100.00","$84,700.00","$47,400.00","$62,500.00","$113,000.00","$154,000.00",1250 Bellflower Blvd,CA,90840,public,Los Angeles,33.782818,-118.11204,7706,28566,36272,3372,"Colleges, Universities, and Professional Schools",10.75682087781732,"62,096"
Iowa State University,State,"$45,400.00","$84,600.00","$44,400.00","$60,000.00","$109,000.00","$147,000.00",3410 Beardshear Hall,IA,50011,public,Story,42.025303,-93.65024,3447,26713,30160,6282,"Colleges, Universities, and Professional Schools",4.801018783826807,"59,366"
University of Delaware,State,"$45,900.00","$84,500.00","$44,500.00","$64,000.00","$119,000.00","$165,000.00",104 Hullihen Hall,DE,19716,public,New Castle,39.678028,-75.752833,2398,19458,21856,4155,"Colleges, Universities, and Professional Schools",5.260168471720818,"57,672"
University of Colorado Denver,State,"$46,100.00","$84,400.00","$46,400.00","$58,600.00","$105,000.00","$144,000.00","1380 Lawrence Street, Lawrence Street Center, Suite 1400",CO,80217,public,Adams,39.745214,-104.839345,8268,11548,19816,8224,"Colleges, Universities, and Professional Schools",2.409533073929961,"63,803"
California State University-East Bay,State,"$49,200.00","$84,300.00","$46,000.00","$62,400.00","$115,000.00","$155,000.00",25800 Carlos Bee Blvd,CA,94542,public,Alameda,37.65707,-122.058073,2778,9992,12770,1503,"Colleges, Universities, and Professional Schools",8.496340652029275,"62,096"
SUNY College of Technology at Farmingdale,State,"$47,300.00","$84,200.00","$50,200.00","$59,800.00","$110,000.00","$162,000.00",2350 Broadhollow Road,NY,11735,public,Suffolk,40.75408,-73.426371,2122,5763,7885,1157,"Colleges, Universities, and Professional Schools",6.815038893690579,"56,189"
University of Minnesota,State,"$46,200.00","$84,200.00","$49,000.00","$63,200.00","$112,000.00","$148,000.00",100 Church Street SE,MN,55455,public,Hennepin,44.977886,-93.235352,12932,38921,51853,17490,"Colleges, Universities, and Professional Schools",2.964722698684963,"68,026"
University of California-Santa Cruz,State,"$44,700.00","$84,100.00","$46,100.00","$62,000.00","$121,000.00","$165,000.00",1156 High St,CA,95064,public,Santa Cruz,36.999018,-122.060726,358,17492,17850,3641,"Colleges, Universities, and Professional Schools",4.902499313375446,"62,096"
Ohio State University,State,"$44,900.00","$83,700.00","$45,500.00","$60,700.00","$116,000.00","$162,000.00",190 N. Oval Mall,OH,43210,public,Franklin,39.999493,-83.008792,7387,49000,56387,28018,"Colleges, Universities, and Professional Schools",2.0125276607894924,"51,501"
North Carolina State University,State,"$47,200.00","$83,300.00","$49,200.00","$64,800.00","$112,000.00","$153,000.00",2101 Hillsborough Street,NC,27695,public,Wake,35.785111,-78.674517,6134,28609,34743,8392,"Colleges, Universities, and Professional Schools",4.140014299332698,"48,818"
Oregon State University,State,"$45,100.00","$83,300.00","$46,900.00","$64,000.00","$113,000.00","$146,000.00",1500 S.W. Jefferson,OR,97331,public,Benton,44.563109,-123.278711,5121,21252,26373,5216,"Colleges, Universities, and Professional Schools",5.056173312883436,"59,888"
University of Utah,State,"$45,400.00","$83,200.00","$43,000.00","$58,400.00","$116,000.00","$148,000.00","201 Presidents Circle, ROOM 203",UT,84112,public,Salt Lake,40.762484,-111.846044,9125,23263,32388,10556,"Colleges, Universities, and Professional Schools",3.068207654414551,"64,857"
University of Nevada-Reno,State,"$46,500.00","$82,900.00","$41,900.00","$54,600.00","$113,000.00","$143,000.00",North Virginia Street,NV,89557,public,Washoe,39.543642,-119.815377,4099,13721,17820,3144,"Colleges, Universities, and Professional Schools",5.6679389312977095,"50,970"
University of Oklahoma,State,"$44,700.00","$82,900.00","$41,200.00","$60,300.00","$114,000.00","$167,000.00",660 Parrington Oval,OK,73019,public,Cleveland,35.208069,-97.445692,6165,21227,27392,5654,"Colleges, Universities, and Professional Schools",4.8447117085249385,"47,165"
University of Arkansas,State,"$44,100.00","$82,800.00","$43,200.00","$60,700.00","$113,000.00","$160,000.00",Administration Bldg 425,AR,72701,public,Washington,36.065642,-94.177852,5032,19505,24537,4848,"Colleges, Universities, and Professional Schools",5.061262376237623,"43,886"
University of Vermont,State,"$44,800.00","$82,700.00","$44,700.00","$58,000.00","$122,000.00","$194,000.00",85 S Prospect St,VT,5405,public,Chittenden,44.479262,-73.198128,1886,11250,13136,3871,"Colleges, Universities, and Professional Schools",3.393438388013433,"60,136"
University of Alabama at Huntsville,State,"$43,100.00","$82,700.00","$46,100.00","$67,800.00","$106,000.00","$132,000.00",301 Sparkman Dr,AL,35899,public,Madison,34.722818,-86.63842,2627,5009,7636,1521,"Colleges, Universities, and Professional Schools",5.020381328073635,"43,418"
California State University-Sacramento,State,"$47,800.00","$82,400.00","$42,900.00","$59,600.00","$111,000.00","$154,000.00",6000 J St,CA,95819,public,Sacramento,38.559901,-121.422416,7420,18443,25863,2520,"Colleges, Universities, and Professional Schools",10.263095238095238,"62,096"
University of Idaho,State,"$44,900.00","$82,000.00","$43,000.00","$56,700.00","$104,000.00","$142,000.00",875 Perimeter Drive,ID,83844,public,Latah,46.726894,-117.024296,3003,9490,12493,2476,"Colleges, Universities, and Professional Schools",5.045638126009693,"52,562"
University of Illinois at Chicago,State,"$47,500.00","$81,700.00","$44,700.00","$58,800.00","$110,000.00","$146,000.00",601 S Morgan,IL,60607,public,Cook,41.871837,-87.650503,4801,23074,27875,12018,"Colleges, Universities, and Professional Schools",2.319437510401065,"57,696"
Buffalo State SUNY,State,"$46,200.00","$81,700.00","$45,900.00","$61,400.00","$110,000.00","$147,000.00",1300 Elmwood Ave,NY,14222,public,Erie,42.9337,-78.880684,2634,9167,11801,1796,"Colleges, Universities, and Professional Schools",6.570712694877505,"56,189"
University of Kansas,State,"$42,400.00","$81,600.00","$44,800.00","$57,200.00","$115,000.00","$156,000.00","Strong Hall, 1450 Jayhawk Blvd, Room 230",KS,66045,public,Douglas,38.956474,-95.258651,4072,23066,27138,8311,"Colleges, Universities, and Professional Schools",3.2653110335699678,"54,185"
University of New Mexico,State,"$41,600.00","$81,600.00","$41,800.00","$59,100.00","$105,000.00","$141,000.00",1700 Lomas Blvd NE,NM,87106,public,Bernalillo,35.083868,-106.620155,7868,21232,29100,7294,"Colleges, Universities, and Professional Schools",3.989580477104469,"45,929"
University of North Carolina at Chapel Hill,State,"$42,900.00","$81,500.00","$43,400.00","$57,500.00","$117,000.00","$155,000.00",103 South Bldg Cb 9100,NC,27599,public,Orange,35.912165,-79.050969,4780,24498,29278,12151,"Colleges, Universities, and Professional Schools",2.409513620278166,"48,818"
University of California-Riverside,State,"$46,800.00","$81,300.00","$37,200.00","$59,900.00","$109,000.00","$134,000.00",900 University Ave,CA,92521,public,Riverside,33.974548,-117.328766,602,20327,20929,3754,"Colleges, Universities, and Professional Schools",5.575119872136388,"62,096"
SUNY College at Geneseo,State,"$42,300.00","$81,300.00","$39,300.00","$47,600.00","$117,000.00","$173,000.00",1 College Circle,NY,14454,public,Livingston,42.796864,-77.821999,211,5359,5570,910,"Colleges, Universities, and Professional Schools",6.12087912087912,"56,189"
University of Missouri-Columbia,State,"$41,700.00","$81,000.00","$43,500.00","$57,100.00","$111,000.00","$156,000.00",105 Jesse Hall,MO,65211,public,Boone,38.941015,-92.326429,4400,30304,34704,16631,"Colleges, Universities, and Professional Schools",2.0867055498767364,"57,946"
University of Nebraska,State,"$45,700.00","$80,900.00","$42,200.00","$56,600.00","$113,000.00","$156,000.00",6001 Dodge St,NE,68182,public,Douglas,41.257946,-96.009741,4857,9929,14786,1873,"Colleges, Universities, and Professional Schools",7.89428723972237,"58,705"
University of Texas at Arlington,State,"$45,400.00","$80,800.00","$46,400.00","$61,200.00","$106,000.00","$138,000.00",701 S. Nedderman Dr.,TX,76013,public,Tarrant,32.729194,-97.115173,13922,19313,33235,4623,"Colleges, Universities, and Professional Schools",7.189054726368159,"55,205"
Northern Illinois University,State,"$43,600.00","$80,800.00","$43,900.00","$60,200.00","$111,000.00","$161,000.00",1425 W. Lincoln Hwy.,IL,60115,public,DeKalb,41.933791,-88.766065,5155,16714,21869,3796,"Colleges, Universities, and Professional Schools",5.761064278187566,"57,696"
Oklahoma State University,State,"$42,800.00","$80,700.00","$40,100.00","$56,500.00","$114,000.00","$151,000.00",107 Whitehurst,OK,74078,public,Payne,36.123085,-97.069743,5730,19596,25326,5983,"Colleges, Universities, and Professional Schools",4.232993481531005,"47,165"
University of North Dakota,State,"$44,000.00","$80,600.00","$43,400.00","$56,400.00","$111,000.00","$157,000.00","264 Centennial Drive, Stop 8193",ND,58202,public,Grand Forks,47.921654,-97.071738,3868,11382,15250,2817,"Colleges, Universities, and Professional Schools",5.413560525381612,"59,108"
California State University-Northridge,State,"$45,500.00","$80,400.00","$44,500.00","$57,800.00","$108,000.00","$153,000.00",18111 Nordhoff St,CA,91330,public,Los Angeles,34.240041,-118.529286,8261,27903,36164,3429,"Colleges, Universities, and Professional Schools",10.546515018955963,"62,096"
University of Houston,State,"$46,000.00","$79,900.00","$42,000.00","$56,200.00","$106,000.00","$141,000.00",212 E. Cullen Building,TX,77204,public,Harris,29.719988,-95.344851,11565,29182,40747,5020,"Colleges, Universities, and Professional Schools",8.116932270916335,"55,205"
New Mexico State University,State,"$44,300.00","$79,500.00","$37,400.00","$53,800.00","$102,000.00","$131,000.00",2850 Weddell Street,NM,88003,public,DoÃ±a Ana,32.282875,-106.747841,4245,13406,17651,3666,"Colleges, Universities, and Professional Schools",4.814784506273868,"45,929"
Lamar University,State,"$46,500.00","$79,400.00","$38,700.00","$51,600.00","$114,000.00","$158,000.00",4400 MLK Blvd,TX,77705,public,Jefferson,30.044274,-94.073389,6590,7698,14288,1302,"Colleges, Universities, and Professional Schools",10.97388632872504,"55,205"
Mississippi State University,State,"$44,500.00","$79,300.00","$43,300.00","$58,800.00","$108,000.00","$151,000.00",Lee Boulevard,MS,39762,public,Oktibbeha,33.451697,-88.790826,3355,17010,20365,4852,"Colleges, Universities, and Professional Schools",4.197238252267106,"37,800"
Colorado State University,State,"$44,800.00","$79,000.00","$43,800.00","$57,100.00","$112,000.00","$150,000.00",8000 East Maplewood Avenue,CO,80111,public,Arapahoe,39.604448,-104.896629,2700,1567,4267,355,"Colleges, Universities, and Professional Schools",12.019718309859154,"63,803"
Kansas State University,State,"$43,300.00","$79,000.00","$37,200.00","$54,100.00","$106,000.00","$138,000.00",Anderson Hall,KS,66506,public,Riley,39.188616,-96.581077,4103,20275,24378,5030,"Colleges, Universities, and Professional Schools",4.846520874751491,"54,185"
University of Wyoming,State,"$44,500.00","$78,700.00","$41,500.00","$54,000.00","$105,000.00","$145,000.00",Corner of Ninth and Ivinson,WY,82071,public,Albany,41.311943,-105.57204,3006,9850,12856,3065,"Colleges, Universities, and Professional Schools",4.194453507340946,"58,340"
Utah State University,State,"$43,800.00","$78,700.00","$41,600.00","$55,400.00","$101,000.00","$132,000.00",Old Main Hill,UT,84322,public,Cache,41.740748,-111.81391,12220,16566,28786,3175,"Colleges, Universities, and Professional Schools",9.066456692913386,"64,857"
University of Wisconsin-Platteville,State,"$45,800.00","$78,500.00","$48,400.00","$61,200.00","$100,000.00","$139,000.00",1 University Plz,WI,53818,public,Grant,42.73423,-90.48792,1469,7152,8621,935,"Colleges, Universities, and Professional Schools",9.220320855614974,"56,786"
University of Oregon,State,"$42,200.00","$78,400.00","$38,100.00","$56,200.00","$117,000.00","$186,000.00",110 Johnson Hall,OR,97403,public,Lane,44.044515,-123.07398,2488,22056,24544,4713,"Colleges, Universities, and Professional Schools",5.207723318480798,"59,888"
University of Kentucky,State,"$42,800.00","$78,300.00","$43,000.00","$57,300.00","$107,000.00","$149,000.00",South Limestone,KY,40506,public,Fayette,38.028761,-84.502517,2967,25073,28040,11302,"Colleges, Universities, and Professional Schools",2.4809768182622545,"42,611"
University of Massachusetts-Boston,State,"$45,600.00","$78,200.00","$36,300.00","$53,800.00","$109,000.00","$151,000.00",100 Morrissey Boulevard,MA,2125,public,Suffolk,42.314541,-71.038653,6206,9668,15874,2814,"Colleges, Universities, and Professional Schools",5.641080312722104,"65,542"
University of Maryland Baltimore County,State,"$47,000.00","$77,800.00","$46,900.00","$59,100.00","$105,000.00","$130,000.00",620 West Lexington St,MD,21201,public,Baltimore,39.288114,-76.624319,1265,5103,6368,7298,"Colleges, Universities, and Professional Schools",0.8725678268018635,"74,923"
North Dakota State University,State,"$45,100.00","$77,800.00","$39,000.00","$55,800.00","$100,000.00","$123,000.00",1301  12th Avenue North,ND,58108,public,Cass,46.894523,-96.805689,2710,11733,14443,2563,"Colleges, Universities, and Professional Schools",5.635193133047211,"59,108"
SUNY College at Oswego,State,"$38,000.00","$77,800.00","$40,400.00","$53,000.00","$115,000.00","$169,000.00",7060 State Route 104,NY,13126,public,Oswego,43.45377,-76.543885,774,7143,7917,1319,"Colleges, Universities, and Professional Schools",6.002274450341168,"56,189"
University of Massachusetts-Dartmouth,State,"$43,200.00","$77,700.00","$43,300.00","$56,200.00","$107,000.00","$132,000.00",285 Old Westport Rd,MA,2747,public,Bristol,41.628999,-71.006837,1984,7227,9211,1505,"Colleges, Universities, and Professional Schools",6.120265780730897,"65,542"
Montana State University,State,"$46,600.00","$77,500.00","$40,200.00","$58,100.00","$111,000.00","$151,000.00",Montana State University,MT,59717,public,Gallatin,45.666829,-111.049918,3227,10994,14221,3054,"Colleges, Universities, and Professional Schools",4.656516044531761,"51,278"
SUNY College at Oneonta,State,"$37,500.00","$76,700.00","$40,000.00","$54,300.00","$97,700.00","$155,000.00",Ravine Parkway,NY,13820,public,Otsego,42.466555,-75.064186,222,5848,6070,1126,"Colleges, Universities, and Professional Schools",5.390763765541741,"56,189"
University of Louisiana at Lafayette,State,"$41,100.00","$76,300.00","$42,000.00","$54,500.00","$107,000.00","$163,000.00",104 University Circle,LA,70503,public,Lafayette,30.215283,-92.01941,3267,13420,16687,1998,"Colleges, Universities, and Professional Schools",8.351851851851851,"44,189"
SUNY College at Plattsburgh,State,"$40,800.00","$76,200.00","$38,400.00","$54,100.00","$105,000.00","$136,000.00",101 Broad Street,NY,12901,public,Clinton,44.693088,-73.466657,553,5614,6167,1070,"Colleges, Universities, and Professional Schools",5.763551401869159,"56,189"
Wayne State University,State,"$42,800.00","$76,100.00","$40,100.00","$56,200.00","$101,000.00","$139,000.00",656 West Kirby Street,MI,48202,public,Wayne,42.35861,-83.072864,10624,18314,28938,6892,"Colleges, Universities, and Professional Schools",4.198781195589088,"53,134"
University of Toledo,State,"$43,100.00","$75,900.00","$40,100.00","$54,100.00","$100,000.00","$133,000.00",2801 W Bancroft,OH,43606,public,Lucas,41.657246,-83.615936,4801,16699,21500,3800,"Colleges, Universities, and Professional Schools",5.657894736842105,"51,501"
Florida International University,State,"$43,200.00","$75,500.00","$40,500.00","$55,800.00","$98,200.00","$136,000.00",11200 S. W. 8 Street,FL,33199,public,Miami-Dade,25.757111,-80.377591,15149,29531,44680,5120,"Colleges, Universities, and Professional Schools",8.7265625,"47,509"
University of Wisconsin-Whitewater,State,"$40,800.00","$75,500.00","$38,200.00","$53,500.00","$99,300.00","$150,000.00",800 W Main St,WI,53190,public,Walworth,42.835563,-88.742368,1515,10519,12034,1168,"Colleges, Universities, and Professional Schools",10.303082191780822,"56,786"
Western Washington University,State,"$42,700.00","$75,400.00","$41,300.00","$56,700.00","$99,200.00","$119,000.00",516 High Street,WA,98225,public,Whatcom,48.737379,-122.485016,1440,13393,14833,1931,"Colleges, Universities, and Professional Schools",7.681512169860176,"63,190"
Minnesota State University-Mankato,State,"$43,300.00","$74,700.00","$39,500.00","$53,800.00","$95,700.00","$140,000.00",South Rd and Ellis Ave,MN,56001,public,Blue Earth,44.147253,-93.998494,3296,12117,15413,1615,"Colleges, Universities, and Professional Schools",9.543653250773994,"68,026"
University of Wisconsin-Milwaukee,State,"$42,300.00","$74,600.00","$40,600.00","$54,000.00","$93,700.00","$123,000.00",2200 E Kenwood Blvd,WI,53201,public,Milwaukee,43.076848,-87.880488,6472,22594,29066,3818,"Colleges, Universities, and Professional Schools",7.612886327920378,"56,786"
University of Arkansas at Monticello,State,"$39,200.00","$74,500.00","$32,800.00","$46,100.00","$110,000.00","$161,000.00",Highway 425 South,AR,71656,public,Drew,33.589788,-91.812971,1302,2643,3945,459,"Colleges, Universities, and Professional Schools",8.594771241830065,"43,886"
Pennsylvania State University-Penn State Harrisburg,State,"$45,700.00","$74,000.00","$44,000.00","$53,100.00","$104,000.00","$150,000.00",777 W Harrisburg Pike,PA,17057,public,Dauphin,40.205234,-76.741961,1386,2883,4269,681,"Colleges, Universities, and Professional Schools",6.2687224669603525,"57,812"
University of North Carolina at Charlotte,State,"$43,100.00","$74,000.00","$38,200.00","$53,200.00","$99,500.00","$133,000.00",9201 University City Blvd,NC,28223,public,Mecklenburg,35.306834,-80.73579,6218,20014,26232,3697,"Colleges, Universities, and Professional Schools",7.095482823911279,"48,818"
Georgia State University,State,"$41,800.00","$74,000.00","$43,000.00","$55,300.00","$99,900.00","$145,000.00",33 gilmer st,GA,30303,public,Fulton,33.7527,-84.38667,8365,23026,31391,4302,"Colleges, Universities, and Professional Schools",7.296838679683868,"50,190"
Western Michigan University,State,"$42,300.00","$73,800.00","$40,100.00","$52,500.00","$103,000.00","$135,000.00",1903 West Michigan Avenue,MI,49008,public,Kalamazoo,42.280799,-85.613482,7132,17466,24598,3339,"Colleges, Universities, and Professional Schools",7.366876310272537,"53,134"
South Dakota State University,State,"$41,100.00","$73,500.00","$34,100.00","$49,900.00","$99,400.00","$129,000.00",Administration Lane,SD,57007,public,Brookings,44.31942,-96.783415,3568,9015,12583,2058,"Colleges, Universities, and Professional Schools",6.11418853255588,"54,090"
Idaho State University,State,"$44,900.00","$73,400.00","$35,400.00","$49,600.00","$101,000.00","$143,000.00",921 S 8th Ave,ID,83209,public,Bannock,42.864108,-112.429084,3589,8662,12251,2000,"Colleges, Universities, and Professional Schools",6.1255,"52,562"
Illinois State University,State,"$42,000.00","$73,400.00","$39,100.00","$55,200.00","$105,000.00","$142,000.00",North and School Streets,IL,61790,public,McLean,40.509724,-88.99234,2376,18252,20628,3563,"Colleges, Universities, and Professional Schools",5.7895032276171765,"57,696"
Cleveland State University,State,"$43,500.00","$73,100.00","$39,500.00","$51,600.00","$97,000.00","$137,000.00",2121 Euclid Avenue,OH,44115,public,Cuyahoga,41.502281,-81.674355,7059,10466,17525,2178,"Colleges, Universities, and Professional Schools",8.046372819100092,"51,501"
University of Alaska Anchorage,State,"$45,900.00","$72,600.00","$39,800.00","$56,600.00","$99,300.00","$137,000.00",3211 Providence Drive,AK,99508,public,Anchorage,61.189554,-149.826135,9381,8116,17497,3460,"Colleges, Universities, and Professional Schools",5.056936416184971,"71,409"
Fitchburg State University,State,"$42,400.00","$72,600.00","$43,300.00","$56,100.00","$99,600.00","$151,000.00",160 Pearl St,MA,1420,public,Worcester,42.589345,-71.789354,3025,3439,6464,811,"Colleges, Universities, and Professional Schools",7.970406905055487,"65,542"
Southern Illinois University Carbondale,State,"$43,000.00","$72,500.00","$38,300.00","$51,300.00","$99,300.00","$139,000.00",Lincoln Drive,IL,62901,public,Jackson,37.717389,-89.221214,3778,14419,18197,5156,"Colleges, Universities, and Professional Schools",3.529286268425136,"57,696"
University of Texas at El Paso,State,"$43,400.00","$72,100.00","$37,700.00","$50,400.00","$99,500.00","$133,000.00",500 W. University Ave,TX,79968,public,El Paso,31.771697,-106.50356,8630,14119,22749,2819,"Colleges, Universities, and Professional Schools",8.069882937211776,"55,205"
California State University-Dominguez Hills,State,"$42,700.00","$72,100.00","$30,800.00","$47,000.00","$92,200.00","$132,000.00",1000 E Victoria St,CA,90747,public,Los Angeles,33.865282,-118.258948,5036,8897,13933,1290,"Colleges, Universities, and Professional Schools",10.800775193798447,"62,096"
University of Maine,State,"$41,200.00","$72,100.00","$41,700.00","$55,600.00","$99,300.00","$141,000.00",168 College Avenue,ME,4469,public,Penobscot,44.899257,-68.669332,2349,8545,10894,2782,"Colleges, Universities, and Professional Schools",3.9158878504672896,"51,263"
Eastern Michigan University,State,"$40,300.00","$72,100.00","$37,900.00","$52,800.00","$95,400.00","$135,000.00",202 Welch Hall,MI,48197,public,Washtenaw,42.250277,-83.625156,9318,14155,23473,2465,"Colleges, Universities, and Professional Schools",9.522515212981745,"53,134"
Bowling Green State University,State,"$39,800.00","$72,100.00","$38,200.00","$51,800.00","$101,000.00","$146,000.00",220 McFall Ctr,OH,43403,public,Wood,41.377036,-83.637531,2208,15078,17286,2522,"Colleges, Universities, and Professional Schools",6.854084060269627,"51,501"
University of Montana,State,"$37,300.00","$71,900.00","$37,000.00","$51,500.00","$96,400.00","$138,000.00","Missoula, Montana",MT,59812,public,Missoula,46.861074,-113.98294,3800,11146,14946,2561,"Colleges, Universities, and Professional Schools",5.836001561889887,"51,278"
University of Central Florida,State,"$42,600.00","$71,700.00","$39,500.00","$51,500.00","$98,400.00","$125,000.00",4000 Central Florida Blvd,FL,32816,public,Orange,28.602159,-81.200889,18721,41046,59767,5602,"Colleges, Universities, and Professional Schools",10.668868261335238,"47,509"
University of South Carolina,State,"$40,000.00","$71,700.00","$36,300.00","$49,900.00","$98,400.00","$131,000.00",309 East Academy St,SC,29379,public,Union,34.71602,-81.619767,220,254,474,68,Junior Colleges,6.970588235294118,"45,670"
University of Nevada-Las Vegas,State,"$45,200.00","$71,600.00","$39,000.00","$52,400.00","$100,000.00","$128,000.00",4505 S Maryland Pky,NV,89154,public,Clark,36.106994,-115.141153,9214,18175,27389,3753,"Colleges, Universities, and Professional Schools",7.297895017319478,"50,970"
St. Cloud State University,State,"$41,800.00","$71,400.00","$38,700.00","$49,400.00","$101,000.00","$126,000.00",720 Fourth Ave. South,MN,56301,public,Stearns,45.553227,-94.152657,5374,11083,16457,1591,"Colleges, Universities, and Professional Schools",10.343808925204272,"68,026"
University of Wisconsin-Parkside,State,"$40,700.00","$71,400.00","$40,900.00","$53,100.00","$84,900.00","$119,000.00",900 Wood Rd,WI,53141,public,Kenosha,42.646074,-87.855407,1466,3299,4765,577,"Colleges, Universities, and Professional Schools",8.258232235701906,"56,786"
California State University-Stanislaus,State,"$38,000.00","$71,400.00","$33,700.00","$50,500.00","$94,100.00","$121,000.00",One University Circle,CA,95382,public,Stanislaus,37.52577,-120.852511,1845,7038,8883,916,"Colleges, Universities, and Professional Schools",9.697598253275109,"62,096"
Humboldt State University,State,"$42,600.00","$71,300.00","$36,000.00","$56,300.00","$94,400.00","$117,000.00",1 Harpst Street,CA,95521,public,Humboldt,40.875452,-124.077255,696,7420,8116,1206,"Colleges, Universities, and Professional Schools",6.729684908789387,"62,096"
Florida Atlantic University,State,"$42,600.00","$71,100.00","$40,700.00","$53,000.00","$99,500.00","$137,000.00",777 Glades Rd,FL,33431,public,Palm Beach,26.372421,-80.102978,12555,17483,30038,3133,"Colleges, Universities, and Professional Schools",9.587615703798276,"47,509"
University of South Florida,State,"$41,100.00","$71,100.00","$39,600.00","$51,500.00","$98,100.00","$131,000.00",4202 East Fowler Ave,FL,33620,public,Hillsborough,28.056647,-82.415876,12593,29654,42247,6801,"Colleges, Universities, and Professional Schools",6.211880605793266,"47,509"
Portland State University,State,"$42,600.00","$70,900.00","$40,700.00","$52,300.00","$94,400.00","$123,000.00",724 SW Harrison,OR,97201,public,Multnomah,45.511698,-122.684197,10995,17132,28127,3180,"Colleges, Universities, and Professional Schools",8.84496855345912,"59,888"
Eastern Washington University,State,"$38,600.00","$70,900.00","$36,000.00","$50,500.00","$93,100.00","$117,000.00",526 5th Street,WA,99004,public,Spokane,47.491293,-117.589371,2168,10419,12587,1511,"Colleges, Universities, and Professional Schools",8.330244870946393,"63,190"
University of Texas at San Antonio,State,"$42,500.00","$70,700.00","$39,100.00","$49,800.00","$92,700.00","$121,000.00",7703 Floyd Curl Dr,TX,78229,public,Bexar,29.504716,-98.57606,435,2857,3292,5112,"Colleges, Universities, and Professional Schools",0.6439749608763693,"55,205"
University of Akron,State,"$41,100.00","$70,300.00","$40,600.00","$53,300.00","$95,200.00","$127,000.00",302 Buchtel Common,OH,44325,public,Summit,41.077768,-81.510328,6063,19111,25174,3835,"Colleges, Universities, and Professional Schools",6.564276401564537,"51,501"
SUNY College at Potsdam,State,"$38,000.00","$70,300.00","$35,100.00","$51,200.00","$100,000.00","$179,000.00",44 Pierrepont Ave,NY,13676,public,St. Lawrence,44.662862,-74.976889,227,4009,4236,869,"Colleges, Universities, and Professional Schools",4.874568469505179,"56,189"
University of Alabama at Birmingham,State,"$39,200.00","$70,100.00","$43,000.00","$53,400.00","$91,400.00","$125,000.00",Administration Bldg Suite 1070,AL,35294,public,Jefferson,33.50223,-86.80917,6034,11965,17999,9218,"Colleges, Universities, and Professional Schools",1.952592753308744,"43,418"
University of Memphis,State,"$41,400.00","$69,700.00","$36,100.00","$49,100.00","$93,500.00","$127,000.00",Southern Avenue,TN,38152,public,Shelby,35.122076,-89.937883,7262,14877,22139,3615,"Colleges, Universities, and Professional Schools",6.124204702627939,"45,548"
Boise State University,State,"$40,800.00","$69,500.00","$37,400.00","$48,700.00","$87,500.00","$110,000.00",1910 University Dr,ID,83725,public,Ada,43.604403,-116.205789,9088,13590,22678,2689,"Colleges, Universities, and Professional Schools",8.43361844551878,"52,562"
Missouri State University,State,"$36,100.00","$69,500.00","$33,300.00","$46,900.00","$102,000.00","$134,000.00",901 S National,MO,65897,public,Greene,37.197983,-93.276821,5464,15165,20629,2849,"Colleges, Universities, and Professional Schools",7.240786240786241,"57,946"
University of Wisconsin-La Crosse,State,"$42,200.00","$69,300.00","$37,500.00","$47,200.00","$93,100.00","$133,000.00",1725 State St,WI,54601,public,La Crosse,43.81539,-91.230125,1010,9174,10184,1178,"Colleges, Universities, and Professional Schools",8.64516129032258,"56,786"
Appalachian State University,State,"$40,400.00","$69,100.00","$37,200.00","$50,400.00","$90,800.00","$115,000.00",Dougherty Administration Building,NC,28608,public,Watauga,36.213551,-81.681065,1946,15675,17621,2878,"Colleges, Universities, and Professional Schools",6.122654621264768,"48,818"
Virginia Commonwealth University,State,"$42,000.00","$68,400.00","$37,400.00","$51,900.00","$100,000.00","$123,000.00",910 W Franklin St,VA,23284,public,Richmond,37.547631,-77.453597,6521,24924,31445,6797,"Colleges, Universities, and Professional Schools",4.626305723113139,"63,858"
University of Wisconsin-Stout,State,"$43,600.00","$68,300.00","$40,900.00","$50,600.00","$91,600.00","$136,000.00",712 S. Broadway St.,WI,54751,public,Dunn,44.871765,-91.925269,2124,7034,9158,1174,"Colleges, Universities, and Professional Schools",7.800681431005111,"56,786"
East Carolina University,State,"$40,200.00","$67,500.00","$38,400.00","$52,000.00","$98,700.00","$151,000.00",East 5th Street,NC,27858,public,Pitt,35.606347,-77.366199,6169,20778,26947,5646,"Colleges, Universities, and Professional Schools",4.772759475735033,"48,818"
Utah Valley State College,State,"$42,400.00","$67,100.00","$27,000.00","$44,100.00","$84,900.00","$110,000.00",800 W University Parkway,UT,84058,public,Utah,40.278512,-111.717058,14811,16745,31556,3419,"Colleges, Universities, and Professional Schools",9.229599298040362,"64,857"
University of Missouri-St Louis,State,"$41,400.00","$67,100.00","$36,800.00","$49,600.00","$97,600.00","$144,000.00",One University Boulevard,MO,63121,public,St. Louis,38.711297,-90.308886,9634,7071,16705,2315,"Colleges, Universities, and Professional Schools",7.215982721382289,"57,946"
Western Carolina University,State,"$36,900.00","$66,600.00","$39,000.00","$49,500.00","$94,400.00","$133,000.00",Highway 107,NC,28723,public,Jackson,35.310515,-83.184156,2186,7422,9608,1537,"Colleges, Universities, and Professional Schools",6.25113858165257,"48,818"
University of Wisconsin-Oshkosh,State,"$39,300.00","$66,400.00","$37,700.00","$49,700.00","$90,100.00","$138,000.00",800 Algoma Blvd,WI,54901,public,Winnebago,44.024985,-88.549282,3947,9505,13452,1465,"Colleges, Universities, and Professional Schools",9.182252559726962,"56,786"
SUNY at Fredonia,State,"$37,800.00","$66,200.00","$32,800.00","$44,200.00","$93,300.00","$181,000.00",280 Central Ave,NY,14063,public,Chautauqua,42.450961,-79.336109,333,5266,5599,1000,"Colleges, Universities, and Professional Schools",5.599,"56,189"
University of Missouri-Kansas City,State,"$38,900.00","$65,800.00","$36,300.00","$48,100.00","$95,800.00","$124,000.00",5100 Rockhill Rd,MO,64110,public,Jackson,39.035057,-94.576648,6181,9809,15990,3425,"Colleges, Universities, and Professional Schools",4.668613138686132,"57,946"
University of Wisconsin-Eau Claire,State,"$41,400.00","$64,800.00","$35,000.00","$47,300.00","$93,100.00","$125,000.00",105 Garfield Avenue,WI,54702,public,Eau Claire,44.798431,-91.500432,1250,9732,10982,1239,"Colleges, Universities, and Professional Schools",8.863599677159,"56,786"
Ball State University,State,"$39,100.00","$64,500.00","$35,500.00","$48,200.00","$89,300.00","$128,000.00",2000 University Ave,IN,47306,public,Delaware,40.19997,-85.408777,3736,17317,21053,3271,"Colleges, Universities, and Professional Schools",6.436258025068787,"50,049"
University of North Carolina at Wilmington,State,"$37,500.00","$64,400.00","$32,100.00","$46,600.00","$97,100.00","$129,000.00",601 South College Road,NC,28403,public,New Hanover,34.225223,-77.875527,1941,11792,13733,2112,"Colleges, Universities, and Professional Schools",6.502367424242424,"48,818"
University of Wisconsin-Stevens Point,State,"$39,800.00","$64,000.00","$38,400.00","$45,100.00","$95,400.00","$128,000.00",2100 Main St,WI,54481,public,Portage,44.529582,-89.570934,838,8747,9585,1149,"Colleges, Universities, and Professional Schools",8.342036553524805,"56,786"
University of Southern Maine,State,"$39,400.00","$63,600.00","$40,400.00","$47,900.00","$85,700.00","$117,000.00",96 Falmouth St,ME,4103,public,Cumberland,43.662251,-70.276073,2736,5395,8131,1428,"Colleges, Universities, and Professional Schools",5.693977591036415,"51,263"
Kent State University,State,"$38,700.00","$62,600.00","$36,100.00","$45,800.00","$87,000.00","$124,000.00","Executive Office, 2nd Floor Library",OH,44242,public,Portage,41.151603,-81.337128,6920,21682,28602,4080,"Colleges, Universities, and Professional Schools",7.010294117647059,"51,501"
Tarleton State University,State,"$40,800.00","$62,400.00","$32,100.00","$47,400.00","$80,400.00","$126,000.00",1333 W. Washington,TX,76401,public,Erath,32.215665,-98.22008,4543,7944,12487,1506,"Colleges, Universities, and Professional Schools",8.291500664010623,"55,205"
University of Wisconsin-Green Bay,State,"$35,800.00","$60,600.00","$35,500.00","$46,800.00","$81,800.00","$102,000.00",2420 Nicolet Dr,WI,54311,public,Brown,44.531102,-87.920499,1959,4739,6698,725,"Colleges, Universities, and Professional Schools",9.238620689655171,"56,786"
Morehead State University,State,"$34,800.00","$60,600.00","$34,300.00","$46,500.00","$72,000.00","$91,300.00",University Blvd,KY,40351,public,Rowan,38.188462,-83.429742,4456,6192,10648,1436,"Colleges, Universities, and Professional Schools",7.415041782729805,"42,611"
Austin Peay State University,State,"$37,700.00","$59,200.00","$32,200.00","$40,500.00","$73,900.00","$96,200.00",601 College St,TN,37044,public,Montgomery,36.533319,-87.354081,3546,7174,10720,1161,"Colleges, Universities, and Professional Schools",9.233419465977606,"45,548"
Pittsburg State University,State,"$40,400.00","$58,200.00","$25,600.00","$46,000.00","$84,600.00","$117,000.00",1701 S Broadway,KS,66762,public,Crawford,37.392057,-94.702483,1139,6150,7289,994,"Colleges, Universities, and Professional Schools",7.332997987927565,"54,185"
Southern Utah University,State,"$41,900.00","$56,500.00","$30,700.00","$39,700.00","$78,400.00","$116,000.00",351 West University Blvd,UT,84720,public,Iron,37.674617,-113.070146,2575,5722,8297,856,"Colleges, Universities, and Professional Schools",9.692757009345794,"64,857"
Montana State University Billings,State,"$37,900.00","$50,600.00","$22,600.00","$31,800.00","$78,500.00","$98,900.00",1500 University Drive,MT,59101,public,Yellowstone,45.796896,-108.523009,1572,3463,5035,660,"Colleges, Universities, and Professional Schools",7.628787878787879,"51,278"
Black Hills State University,State,"$35,300.00","$43,900.00","$27,000.00","$32,200.00","$60,900.00","$87,600.00",1200 University St,SD,57799,public,Lawrence,44.495141,-103.871756,1884,2526,4410,494,"Colleges, Universities, and Professional Schools",8.927125506072874,"54,090"
